<?xml version="1.0" encoding="UTF-8" ?> 
 
<!DOCTYPE mapper
PUBLIC "-//mybatis.org//DTD Mapper 3.0//EN"
"http://mybatis.org/dtd/mybatis-3-mapper.dtd">

<mapper namespace="com.study.model.BbsMapper">

	<select id="checkRefnum" parameterType="int" resultType="int">
	SELECT
	count(*) FROM bbs
	WHERE refnum = #{bbsno}
	</select>

	<insert id="createReply" parameterType="com.study.model.BbsDTO">
		INSERT INTO bbs(bbsno, wname, title,
		content, passwd, wdate, grpno,
		indent, ansnum,filename,filesize,refnum)
		VALUES(
		(SELECT NVL(MAX(bbsno), 0)+1 FROM bbs),
		#{wname}, #{title}, #{content}, #{passwd}, sysdate,
		#{grpno}, #{indent}+1, #{ansnum}+1, #{filename, jdbcType=VARCHAR}, #{filesize}, #{bbsno} )
	</insert>
	<update id="upAnsnum" parameterType="Map">
		update bbs
		set ansnum =
		ansnum + 1
		where grpno = #{grpno}
		and ansnum > #{ansnum}
	</update>
	<select id="readReply" parameterType="int"
		resultType="com.study.model.BbsDTO">
		select
		bbsno, grpno, indent, ansnum, title
		from bbs
		where bbsno = #{bbsno}
	</select>

	<select id="passCheck" parameterType="Map" resultType="int">
		SELECT
		COUNT(bbsno) as cnt
		FROM bbs
		WHERE bbsno=#{bbsno} AND passwd=#{passwd}
	</select>

	<update id="update" parameterType="com.study.model.BbsDTO">

		update bbs
		<set>
			wname = #{wname},
			title = #{title},
			content = #{content},
			<if test="filesize > 0">
				filename = #{filename},
				filesize = #{filesize}
			</if>
		</set>
		where bbsno = #{bbsno}

	</update>

	<select id="read" parameterType="int"
		resultType="com.study.model.BbsDTO">
		SELECT bbsno,
		wname, title, content, viewcnt,
		to_char(wdate,'yyyy-mm-dd') wdate,
		filename
		FROM bbs
		WHERE bbsno = #{bbsno}
	</select>

	<update id="upViewcnt" parameterType="int">
		update bbs
		set viewcnt = viewcnt + 1
		where bbsno = #{bbsno}
	</update>

	<insert id="create" parameterType="com.study.model.BbsDTO">
		insert into bbs(bbsno, wname,
		title, content, passwd, wdate,grpno,filename,filesize)
		values((select nvl(max(bbsno),0) + 1 as bbsno from bbs),
		#{wname}, #{title}, #{content}, #{passwd} ,sysdate,
		(select nvl(max(grpno),0) + 1 as grpno from bbs),#{filename},#{filesize})

	</insert>

	<select id="total" parameterType="Map" resultType="int">
		select count(*) from bbs
		<where>
			<choose>
				<when test="col=='wname'">
					wname like '%'||#{word}||'%'
				</when>
				<when test="col=='title'">
					title like '%'||#{word}||'%'
				</when>
				<when test="col=='content'">
					content like '%'||#{word}||'%'
				</when>
				<when test="col=='title_content'">
					title like '%'||#{word}||'%'
					or
					content like
					'%'||#{word}||'%'
				</when>
			</choose>

		</where>
	</select>

	<select id="list" parameterType="Map"
		resultType="com.study.model.BbsDTO">
		SELECT bbsno, wname, title, viewcnt,to_char(wdate,'yyyy-mm-dd') wdate,
		grpno, indent, ansnum, r ,filename
		from(
		SELECT bbsno, wname, title, viewcnt, wdate, grpno, indent, ansnum, rownum r
		,filename
		from (
		SELECT bbsno, wname, title, viewcnt, wdate, grpno, indent, ansnum,filename
		FROM bbs

		<where>
			<choose>
				<when test="col=='wname'">
					wname like '%'||#{word}||'%'
				</when>
				<when test="col=='title'">
					title like '%'||#{word}||'%'
				</when>
				<when test="col=='content'">
					content like '%'||#{word}||'%'
				</when>
				<when test="col=='title_content'">
					title like '%'||#{word}||'%'
					or
					content like '%'||#{word}||'%'
				</when>
			</choose>

		</where>
		order by grpno desc, ansnum asc
		)
		)  
       <![CDATA[ 
       where r>=#{sno} and r<=#{eno}
        ]]>
	</select>
	
    <delete id="delete" parameterType="int">
       DELETE FROM bbs
       WHERE bbsno = #{bbsno}
    </delete>

</mapper>